Date,Name,Year,Letterboxd URI
2024-08-06,Gone Girl,2014,https://boxd.it/6hQu
2024-08-06,"Girl, Interrupted",1999,https://boxd.it/25ds
2024-08-06,All About Lily Chou-Chou,2001,https://boxd.it/1JP0
2024-08-06,Juno,2007,https://boxd.it/210a
2024-08-06,The Virgin Suicides,1999,https://boxd.it/28JG
2024-08-06,E.T. the Extra-Terrestrial,1982,https://boxd.it/2a1G
2024-08-06,Children of Men,2006,https://boxd.it/1Y2i
2024-08-06,Gladiator,2000,https://boxd.it/2b9m
2024-08-06,Citizen Kane,1941,https://boxd.it/71O
2024-08-06,Vivah,2006,https://boxd.it/1g1A
2024-08-06,Masaan,2015,https://boxd.it/b6x2
2024-08-06,I Saw the TV Glow,2024,https://boxd.it/woVe
2024-08-06,Gulmohar,2023,https://boxd.it/AOKk
2024-08-06,Midsommar,2019,https://boxd.it/jhxe
2024-08-06,The Human Centipede (First Sequence),2009,https://boxd.it/18Tu
2024-08-06,The Human Centipede 2 (Full Sequence),2011,https://boxd.it/2yqg
2024-08-06,The Human Centipede 3 (Final Sequence),2015,https://boxd.it/3hRc
2024-08-06,Requiem for a Dream,2000,https://boxd.it/29VI
2024-08-06,A Serbian Film,2010,https://boxd.it/2wBc
2024-08-06,Por Thozhil,2023,https://boxd.it/GbJE
2024-08-06,The Edge of Heaven,2007,https://boxd.it/27D8
2024-08-06,The Golden Glove,2019,https://boxd.it/ih9k
2024-08-06,In the Fade,2017,https://boxd.it/eZpS
2024-08-06,Raja Raja Chora,2021,https://boxd.it/udD0
2024-08-06,Manu,2018,https://boxd.it/jWL2
2024-08-06,Sinister 2,2015,https://boxd.it/8L58
2024-12-26,Pather Panchali,1955,https://boxd.it/22yC
2025-02-17,Tale of Tales,1979,https://boxd.it/1boa
2025-02-17,Nadiya Ke Paar,1982,https://boxd.it/9LwU
2025-02-17,The Holdovers,2023,https://boxd.it/vHza
2025-02-17,Deep Sea,2023,https://boxd.it/oRIs
2025-02-17,Pear Cider and Cigarettes,2016,https://boxd.it/eio8
2025-02-17,Who Killed Captain Alex?,2010,https://boxd.it/adJ8
2025-02-17,American History X,1998,https://boxd.it/2bdo
2025-02-17,The Boy and the Heron,2023,https://boxd.it/ipeM
2025-02-17,Joji,2021,https://boxd.it/tMgS
2025-02-17,Apur Sansar,1959,https://boxd.it/29l6
2025-02-17,The Shawshank Redemption,1994,https://boxd.it/2aHi
2025-02-17,Ashes of Time,1994,https://boxd.it/111K
2025-02-17,Pi,1998,https://boxd.it/2ajq
2025-02-17,Reservoir Dogs,1992,https://boxd.it/2agc
2025-02-17,No Country for Old Men,2007,https://boxd.it/21ew
2025-03-07,Minamata,2020,https://boxd.it/kvrm
2025-04-20,Israel and Gaza: Into the Abyss,2024,https://boxd.it/Qgwq
2025-04-21,Big Fish,2003,https://boxd.it/2a3M
2025-04-21,Arabesques on the Pirosmani Theme,1985,https://boxd.it/b4sa
2025-04-21,The Color of Pomegranates,1969,https://boxd.it/1u94
2025-04-21,Kyiv Frescoes,1966,https://boxd.it/4RHO
2025-06-05,The Phoenician Scheme,2025,https://boxd.it/H0Ca
2025-06-06,"The French Dispatch of the Liberty, Kansas Evening Sun",2021,https://boxd.it/jLP8
2025-06-10,Immortal Beloved,1994,https://boxd.it/1PAU
2025-06-10,Mr. Turner,2014,https://boxd.it/7dlY
2025-06-10,Pollock,2000,https://boxd.it/1RPC
2025-06-10,A Nos Amours,1983,https://boxd.it/271I
2025-06-10,What Happened Was...,1994,https://boxd.it/2WAk
2025-06-10,La Belle Noiseuse,1991,https://boxd.it/1RxI
2025-06-10,Gowok: Javanese Kamasutra,2025,https://boxd.it/QG7w
2025-06-10,Serpentine Dance,1897,https://boxd.it/54si
2025-06-20,Pretty Woman,1990,https://boxd.it/2b6M
2025-06-20,Tangerine,2015,https://boxd.it/9QRe
2025-06-23,Eyes Wide Shut,1999,https://boxd.it/2axs
2025-06-23,Where the Truth Lies,2005,https://boxd.it/1XWY
2025-06-23,Killer's Kiss,1955,https://boxd.it/1Xcc
2025-06-25,Phantom Thread,2017,https://boxd.it/e4uc
2025-06-25,The Wild Robot,2024,https://boxd.it/IWFy
2025-06-25,Through the Olive Trees,1994,https://boxd.it/Lx6
2025-06-25,Samsara,2011,https://boxd.it/3ada
2025-06-25,House of Tolerance,2011,https://boxd.it/2Yjq
2025-06-25,The Princess and the Frog,2009,https://boxd.it/1WQq
2025-06-25,The Prince of Egypt,1998,https://boxd.it/1XGQ
2025-06-26,Victoria,2015,https://boxd.it/amSe
2025-07-01,Fractured,2019,https://boxd.it/kPL2
2025-07-01,The Silence of the Lambs,1991,https://boxd.it/2aHW
2025-07-01,The Call,2020,https://boxd.it/l94W
2025-07-01,Solaris,1972,https://boxd.it/2a2Y
2025-07-11,All We Imagine as Light,2024,https://boxd.it/yXaQ
2025-07-12,Utsav,1984,https://boxd.it/71oQ
2025-07-12,How to Make Millions Before Grandma Dies,2024,https://boxd.it/FLa4
2025-07-12,Love in the Big City,2024,https://boxd.it/HF8q
2025-07-12,Stutz,2022,https://boxd.it/u5li
2025-07-12,"Paris, Texas",1984,https://boxd.it/29Ts
2025-07-12,Sansho the Bailiff,1954,https://boxd.it/1Dkq
2025-07-12,The Straight Story,1999,https://boxd.it/2ass
2025-07-12,The Darjeeling Limited,2007,https://boxd.it/24as
2025-07-12,Secret Sunshine,2007,https://boxd.it/27CY
2025-07-12,Magnolia,1999,https://boxd.it/2aze
2025-07-12,Mass,2021,https://boxd.it/eYAA
2025-07-12,Bad Girl,2025,https://boxd.it/RZBi
2025-07-12,Sister Midnight,2024,https://boxd.it/MBDY
2025-07-12,"Rosa la rose, fille publique",1986,https://boxd.it/9yg
2025-07-12,Blue Is the Warmest Color,2013,https://boxd.it/4O40
2025-07-12,We Live in Time,2024,https://boxd.it/FC5u
2025-07-12,The Mummy Returns,2001,https://boxd.it/28cs
2025-07-14,Ijaazat,1987,https://boxd.it/3VqK
2025-07-14,Sex Is Comedy,2002,https://boxd.it/x1g
2025-07-14,Catch Me If You Can,2002,https://boxd.it/29VS
2025-07-14,Morvern Callar,2002,https://boxd.it/1GDU
2025-07-14,Poison,2023,https://boxd.it/Is7Q
2025-07-14,The Rat Catcher,2023,https://boxd.it/Is8a
2025-07-14,In the Bedroom,2001,https://boxd.it/27Fo
2025-07-15,Taste of Cherry,1997,https://boxd.it/1m8W
2025-07-15,"Life, and Nothing More…",1992,https://boxd.it/2WEc
2025-07-15,Where Is the Friend's House?,1987,https://boxd.it/ELg
2025-07-15,Chinatown,1974,https://boxd.it/29vU
2025-07-15,8½,1963,https://boxd.it/2aqm
2025-07-15,The Notebook,2004,https://boxd.it/1UNE
2025-07-16,BLUE EYE SAMURAI,2023,https://boxd.it/JH9k
2025-07-16,Entergalactic,2022,https://boxd.it/CPN4
2025-07-18,Sin Nombre,2009,https://boxd.it/1ChU
2025-07-19,Breakfast,1974,https://boxd.it/6JXe
2025-07-19,Watching the Detectives,2007,https://boxd.it/1B3i
2025-07-19,The Tempest - Live at Shakespeare's Globe,2013,https://boxd.it/bZlK
2025-07-19,Love Letter,1995,https://boxd.it/LMA
2025-07-19,Vijay 69,2024,https://boxd.it/LHh8
2025-07-20,The Consequences of Feminism,1906,https://boxd.it/3YMY
2025-07-24,The Phantom of the Opera,2004,https://boxd.it/1XHu
2025-07-24,Rashomon,1950,https://boxd.it/2a9K
2025-07-24,Gangster,2006,https://boxd.it/15Yw
2025-07-24,The Lady Eve,1941,https://boxd.it/25LY
2025-07-25,Funeral Parade of Roses,1969,https://boxd.it/28Cg
2025-07-25,The Aviator,2004,https://boxd.it/26BU
2025-07-25,On the Occasion of Remembering the Turning Gate,2002,https://boxd.it/wYm
2025-07-25,"Right Now, Wrong Then",2015,https://boxd.it/bWs4
2025-07-25,The Day He Arrives,2011,https://boxd.it/31L8
2025-07-25,Pulse,2001,https://boxd.it/1s3y
2025-07-25,Past Lives,2023,https://boxd.it/oNB8
2025-07-25,Nobody Knows,2004,https://boxd.it/26E0
2025-07-25,127 Hours,2010,https://boxd.it/SLa
2025-07-25,Coherence,2013,https://boxd.it/6xza
2025-07-25,Birdman or (The Unexpected Virtue of Ignorance),2014,https://boxd.it/5RFA
2025-07-25,Phone Booth,2002,https://boxd.it/285G
2025-07-25,The Devils,1971,https://boxd.it/1inI
2025-07-25,April,2024,https://boxd.it/Egx0
2025-07-25,Transformers,2007,https://boxd.it/280c
2025-07-25,Forgotten,2017,https://boxd.it/hAJE
2025-07-25,Notorious,1946,https://boxd.it/2aDK
2025-07-25,The Adventures of Baron Munchausen,1988,https://boxd.it/1NXs
2025-07-25,The Sacrifice,1986,https://boxd.it/1xg8
2025-07-25,Hemlock Society,2012,https://boxd.it/5WDk
2025-07-25,Pan's Labyrinth,2006,https://boxd.it/28No
2025-07-25,Miss Lovely,2012,https://boxd.it/491Y
2025-07-25,Love and Shukla,2017,https://boxd.it/huGO
2025-07-25,Mister Designer,1987,https://boxd.it/8lSe
2025-07-25,Lion,2016,https://boxd.it/b2La
2025-07-25,The Innocents,1961,https://boxd.it/1KeY
2025-07-25,Happyend,2024,https://boxd.it/rnUa
2025-07-25,The Northman,2022,https://boxd.it/nK2s
2025-07-25,Karthik Calling Karthik,2010,https://boxd.it/1djw
2025-07-25,Pulp Fiction,1994,https://boxd.it/29Pq
2025-07-25,Everly,2014,https://boxd.it/8s7u
2025-07-25,Midaq Alley,1995,https://boxd.it/1Hno
2025-07-25,Americano,2011,https://boxd.it/3wBS
2025-07-25,Transformers: Revenge of the Fallen,2009,https://boxd.it/20gG
2025-07-25,American Beauty,1999,https://boxd.it/71Y
2025-07-25,Quills,2000,https://boxd.it/1Vay
2025-07-25,Love,2015,https://boxd.it/9brE
2025-07-25,Bitter Moon,1992,https://boxd.it/1W76
2025-07-25,Belle de Jour,1967,https://boxd.it/29Uq
2025-07-25,Tie Me Up! Tie Me Down!,1989,https://boxd.it/26FW
2025-07-25,Mighty Aphrodite,1995,https://boxd.it/1TPu
2025-07-25,Lolita,1997,https://boxd.it/1XR0
2025-07-25,Last Tango in Paris,1972,https://boxd.it/28pw
2025-07-25,The Piano Teacher,2001,https://boxd.it/2886
2025-07-25,Professor Marston and the Wonder Women,2017,https://boxd.it/eRPS
2025-07-25,Intimate Parts,2013,https://boxd.it/68Sm
2025-07-25,Little Children,2006,https://boxd.it/28Ka
2025-07-25,Body Heat,1981,https://boxd.it/1O9S
2025-07-25,Blue Valentine,2010,https://boxd.it/MxG
2025-07-25,Sleeping Beauty,2011,https://boxd.it/Yk
2025-07-26,Mother,2009,https://boxd.it/1m9g
2025-07-26,Petite Maman,2021,https://boxd.it/s6je
2025-07-26,Lost in Translation,2003,https://boxd.it/2b0E
2025-07-26,Vicky Cristina Barcelona,2008,https://boxd.it/23rW
2025-07-26,He's Just Not That Into You,2009,https://boxd.it/1WSG
2025-07-26,A Love Song for Bobby Long,2004,https://boxd.it/1XrG
2025-07-26,Don Jon,2013,https://boxd.it/4sdk
2025-07-26,The Princess Diaries,2001,https://boxd.it/1XCO
2025-07-26,By the Sea,2015,https://boxd.it/a86q
2025-07-26,Maestro,2023,https://boxd.it/j0DE
2025-07-26,Naked Lunch,1991,https://boxd.it/26ow
2025-07-26,Sopranos Unauthorized: Shooting Sites Uncovered,2002,https://boxd.it/uGPY
2025-07-26,Paris Is Burning,1990,https://boxd.it/1jzg
2025-08-04,Bleeder,1999,https://boxd.it/1HKs
2025-08-06,The Art of Racing in the Rain,2019,https://boxd.it/iYWk
2025-08-12,I Am What I Am,2022,https://boxd.it/ClZk
2025-08-12,Oasis,2002,https://boxd.it/1sO0
2025-08-12,The Medium,2021,https://boxd.it/s0oi
2025-08-12,The House Is Black,1963,https://boxd.it/STe
2025-08-12,BlacKkKlansman,2018,https://boxd.it/hxL8
2025-08-13,Dog Day Afternoon,1975,https://boxd.it/29bg
2025-08-13,Marie Antoinette,2006,https://boxd.it/27Wa
2025-08-13,GoodFellas,1990,https://boxd.it/29FA
2025-08-13,Hisss,2010,https://boxd.it/Kc2
2025-08-13,Surveillance,2008,https://boxd.it/1V7O
2025-08-15,Kumari,2022,https://boxd.it/w9l6
2025-08-15,Yaadein,1964,https://boxd.it/3QaM
2025-08-23,New Rose Hotel,1998,https://boxd.it/1BVY
2025-08-23,Silicon Valley,2013,https://boxd.it/kit0
2025-08-23,Who Am I,2014,https://boxd.it/8ND2
2025-08-23,Killswitch,2015,https://boxd.it/aDOI
2025-08-23,Citizenfour,2014,https://boxd.it/9eSe
2025-08-23,Steve Jobs,2015,https://boxd.it/araG
2025-08-23,The Billion Dollar Code,2021,https://boxd.it/xhPK
2025-08-26,The Human Condition I: No Greater Love,1959,https://boxd.it/1jAy
2025-08-26,964 Pinocchio,1991,https://boxd.it/EhA
2025-08-26,Demons,1971,https://boxd.it/3yiy
2025-08-26,Love Lies Bleeding,2024,https://boxd.it/zN4q
2025-08-31,Messy,2024,https://boxd.it/GZsy
2025-09-01,Gentlemen Prefer Blondes,1953,https://boxd.it/29Hc
2025-09-01,How to Marry a Millionaire,1953,https://boxd.it/1WBq
2025-09-01,There's No Business Like Show Business,1954,https://boxd.it/1BQE
2025-09-01,The Seven Year Itch,1955,https://boxd.it/1VIK
2025-09-01,Some Like It Hot,1959,https://boxd.it/2aNA
2025-09-01,The Misfits,1961,https://boxd.it/1TCg
2025-09-02,Malignant,2021,https://boxd.it/mViE
2025-09-02,In the Realm of the Senses,1976,https://boxd.it/22qS
2025-09-02,Daughters of Darkness,1971,https://boxd.it/NMs
2025-09-02,"Lust, Caution",2007,https://boxd.it/244k
2025-09-02,Betty Blue,1986,https://boxd.it/1SBw
2025-09-02,Shame,2011,https://boxd.it/2CxU
2025-09-02,Black Narcissus,1947,https://boxd.it/1Kce
2025-09-02,Little Miss Innocence,1973,https://boxd.it/baKu
2025-09-02,Neon Genesis Evangelion: The End of Evangelion,1997,https://boxd.it/1GRM
2025-09-02,Bone Lake,2024,https://boxd.it/OLXy
2025-09-02,The Threesome,2025,https://boxd.it/BxO2
2025-09-02,"I'm a Cyborg, But That's OK",2006,https://boxd.it/2328
2025-09-02,Mysterious Skin,2004,https://boxd.it/1UsG
2025-09-03,The Godfather,1972,https://boxd.it/2aNK
2025-09-03,Resurrection,2022,https://boxd.it/wUKC
2025-09-03,A Better Tomorrow II,1987,https://boxd.it/1HbW
2025-09-05,The Roses,2025,https://boxd.it/MjnI
2025-09-06,Beautiful Boy,2018,https://boxd.it/g76Q
2025-09-07,Bangalore Days,2014,https://boxd.it/82ZA
2025-09-07,CIA: Comrade In America,2017,https://boxd.it/fCGy
2025-09-07,Salaam Bombay!,1988,https://boxd.it/Qhi
2025-09-07,3-Iron,2004,https://boxd.it/28WK
2025-09-07,Superboys of Malegaon,2024,https://boxd.it/KyOU
2025-09-07,Sidewalls,2011,https://boxd.it/2EiM
2025-09-08,Everything Everywhere All at Once,2022,https://boxd.it/jUk4
2025-09-08,The Age of Innocence,1993,https://boxd.it/1WgM
2025-09-08,The Last Days of Disco,1998,https://boxd.it/1JpQ
2025-09-08,Tape,2001,https://boxd.it/1yCu
2025-09-08,Weapons,2025,https://boxd.it/EMTM
2025-09-10,Johnny Gaddaar,2007,https://boxd.it/1E1a
2025-09-10,No Other Choice,2025,https://boxd.it/nKiA
2025-09-10,The Piano,1993,https://boxd.it/29Kq
2025-09-10,Ikiru,1952,https://boxd.it/251c
2025-09-10,Odd Man Out,1947,https://boxd.it/Uq4
2025-09-13,The Wages of Fear,1953,https://boxd.it/2aSK
2025-09-13,Sentimental Value,2025,https://boxd.it/GwcG
2025-09-16,Before Sunrise,1995,https://boxd.it/2bcU
2025-09-16,Thalapathi,1991,https://boxd.it/1mDg
2025-09-16,The Texas Chain Saw Massacre,1974,https://boxd.it/1lcS
2025-09-21,The History of Sound,2025,https://boxd.it/xFY2
2025-09-21,What's My Name | Muhammad Ali,2019,https://boxd.it/lZtY
2025-09-24,The Matrix,1999,https://boxd.it/2a1m
2025-09-25,Malcolm X,1992,https://boxd.it/27WE
2025-09-25,Wuthering Heights,2026,https://boxd.it/OdIa
2025-09-28,Licorice Pizza,2021,https://boxd.it/qTKY
2025-09-28,Inland Empire,2006,https://boxd.it/28d6
2025-09-28,Nishaanchi,2025,https://boxd.it/VIj0
2025-09-28,Till Death,2021,https://boxd.it/p3VI
2025-09-28,The Private Life of a Cat,1946,https://boxd.it/42AW
2025-10-01,The Taste of Tea,2004,https://boxd.it/1Mse
2025-10-01,The Naked Gun: From the Files of Police Squad!,1988,https://boxd.it/18YE
2025-10-01,Homebound,2025,https://boxd.it/KDDs
2025-10-01,Five Broken Cameras,2011,https://boxd.it/2XF6
2025-10-01,Farha,2021,https://boxd.it/wl00
2025-10-01,Cameraperson,2016,https://boxd.it/d5ve
2025-10-01,Our Boys,2019,https://boxd.it/nA0w
2025-10-03,The Addiction,1995,https://boxd.it/1cZQ
2025-10-03,Three Days of the Condor,1975,https://boxd.it/1SF4
2025-10-03,Okja,2017,https://boxd.it/dvXe
2025-10-03,Uncut Gems,2019,https://boxd.it/gXGc
2025-10-03,Mulholland Drive,2001,https://boxd.it/297o
2025-10-03,Y Tu Mamá También,2001,https://boxd.it/28QM
2025-10-03,Cowboy Bebop,1998,https://boxd.it/ptES
2025-10-03,Manorama Six Feet Under,2007,https://boxd.it/Ngc
2025-10-03,Cleopatra,1963,https://boxd.it/20xM
2025-10-03,The Heroic Trio,1993,https://boxd.it/TYu
2025-10-03,"They Shoot Horses, Don't They?",1969,https://boxd.it/1q9u
2025-10-03,Uptown Girls,2003,https://boxd.it/1N64
2025-10-03,La Notte,1961,https://boxd.it/10iU
2025-10-03,The Usual Suspects,1995,https://boxd.it/29XE
2025-10-03,Evangelion: 1.0 You Are (Not) Alone,2007,https://boxd.it/1MKi
2025-10-03,Evangelion: 2.0 You Can (Not) Advance,2009,https://boxd.it/1zYm
2025-10-03,Evangelion: 3.0 You Can (Not) Redo,2012,https://boxd.it/2BwG
2025-10-03,Akira,1988,https://boxd.it/2b1i
2025-10-03,Paprika,2006,https://boxd.it/23wW
2025-10-03,Millennium Actress,2001,https://boxd.it/1fK0
2025-10-04,The Idiots,1998,https://boxd.it/2amu
2025-10-04,Nights of Cabiria,1957,https://boxd.it/1F7e
2025-10-04,Jaws,1975,https://boxd.it/2a5e
2025-10-04,City of the Living Dead,1980,https://boxd.it/1wMs
2025-10-04,Cigarettes & Coffee,1993,https://boxd.it/3Diy
2025-10-04,Boogie Nights,1997,https://boxd.it/23um
2025-10-04,Eleanor the Great,2025,https://boxd.it/JZLm
2025-10-05,Life Is Beautiful,1997,https://boxd.it/29Wm
2025-10-05,The Witch,2015,https://boxd.it/9X0m
2025-10-05,Theorem,1968,https://boxd.it/237C
2025-10-05,Himizu,2011,https://boxd.it/3oFs
2025-10-05,A Moment of Innocence,1996,https://boxd.it/T6W
2025-10-05,Duvidha,1973,https://boxd.it/3xma
2025-10-06,Choke,2008,https://boxd.it/1P0i
2025-10-06,It's Such a Beautiful Day,2012,https://boxd.it/hCY2
2025-10-06,Titane,2021,https://boxd.it/nlQC
2025-10-06,Kinds of Kindness,2024,https://boxd.it/CWPw
2025-10-06,Babygirl,2024,https://boxd.it/Fvai
2025-10-06,Cat People,1982,https://boxd.it/21SQ
2025-10-06,Antiporno,2016,https://boxd.it/eDjy
2025-10-06,Rachel,2009,https://boxd.it/9dPo
2025-10-06,The White Balloon,1995,https://boxd.it/MkM
2025-10-07,Twin Peaks,1989,https://boxd.it/g8pk
2025-10-07,Twin Peaks: Fire Walk with Me,1992,https://boxd.it/27Qw
2025-10-07,Twin Peaks: The Return,2017,https://boxd.it/hN9O
2025-10-07,Twin Peaks: The Missing Pieces,2014,https://boxd.it/8NH4
2025-10-07,Boxing Helena,1993,https://boxd.it/1Hm6
2025-10-07,Wild at Heart,1990,https://boxd.it/2aii
2025-10-07,A Star Is Born,1937,https://boxd.it/1Acy
2025-10-07,Vaastav,1999,https://boxd.it/4E8G
2025-10-07,Out 1,1971,https://boxd.it/3i2a
2025-10-07,Black Swan,2010,https://boxd.it/Sw0
2025-10-07,Fruitvale Station,2013,https://boxd.it/4VRy
2025-10-07,Terrorizers,1986,https://boxd.it/2IRG
2025-10-08,Totally F***ed Up,1993,https://boxd.it/1fg0
2025-10-08,Devil in the Flesh,1998,https://boxd.it/Py8
2025-10-08,Scream,1996,https://boxd.it/24EC
2025-10-15,Ghost in the Shell,1995,https://boxd.it/1YYc
2025-10-20,Carlito's Way,1993,https://boxd.it/226e
2025-10-21,"New York, I Love You",2008,https://boxd.it/1RG6
2025-10-22,The Prestige,2006,https://boxd.it/293w
2025-10-22,"Crazy, Stupid, Love.",2011,https://boxd.it/D9A
2025-10-22,Iruvar,1997,https://boxd.it/H2o
2025-10-23,The Curious Case of Benjamin Button,2008,https://boxd.it/23Fk
2025-10-24,Dogra Magra,1988,https://boxd.it/3cLI
2025-10-24,Ben,1972,https://boxd.it/WOi
2025-10-24,Magic,1978,https://boxd.it/1eag
2025-10-24,The Social Reckoning,2026,https://boxd.it/MRPQ
2025-10-24,Reptilia,,https://boxd.it/URpY
2025-10-26,The Testament of Ann Lee,2025,https://boxd.it/RTTU
2025-10-26,Paganini,1989,https://boxd.it/aBg
2025-10-27,Shelby Oaks,2024,https://boxd.it/zmMK
2025-10-29,Hokusai's Daughter,2025,https://boxd.it/UvlU
2025-10-29,"tick, tick... BOOM!",2021,https://boxd.it/jz2e
2025-11-02,The Elephant Man,1980,https://boxd.it/27LQ
2025-11-02,Eternal Sunshine of the Spotless Mind,2004,https://boxd.it/6YK
2025-11-02,The Mastermind,2025,https://boxd.it/Q7ge
2025-11-02,The Adamant Girl,2024,https://boxd.it/FwMs
2025-11-03,Singin' in the Rain,1952,https://boxd.it/29oY
2025-11-03,A House of Dynamite,2025,https://boxd.it/NcXc
2025-11-03,Fail Safe,1964,https://boxd.it/2afS
2025-11-05,Puzzle,2014,https://boxd.it/8vmW
2025-11-06,A Suitable Boy,2020,https://boxd.it/rlRI
2025-11-06,Monsoon Wedding,2001,https://boxd.it/2aiM
2025-11-06,Mississippi Masala,1991,https://boxd.it/Ywg
2025-11-06,Evil Dead II,1987,https://boxd.it/29Ge
2025-11-06,The Grandmother,1970,https://boxd.it/RMm
2025-11-06,The Holy Mountain,1973,https://boxd.it/20mu
2025-11-06,Endless Poetry,2016,https://boxd.it/aANs
2025-11-06,Fando and Lis,1968,https://boxd.it/1fPY
2025-11-06,The Velvet Vampire,1971,https://boxd.it/1ohw
2025-11-06,Days of Heaven,1978,https://boxd.it/1JRg
2025-11-10,Dilwale Dulhania Le Jayenge,1995,https://boxd.it/1F9k
2025-11-11,Put Your Soul on Your Hand and Walk,2025,https://boxd.it/UkDe
2025-11-11,Pig,2021,https://boxd.it/nzoW
2025-11-14,Mad Love,1985,https://boxd.it/3oGA
2025-11-14,Water Drops on Burning Rocks,2000,https://boxd.it/1RUi
2025-11-14,The Three Musketeers,1973,https://boxd.it/265E
2025-11-15,Die My Love,2025,https://boxd.it/D5cI
2025-11-15,Sound of Falling,2025,https://boxd.it/Km9K
2025-11-15,Gun Crazy,1950,https://boxd.it/1Gw0
2025-11-15,A Moment to Remember,2004,https://boxd.it/1LmO
2025-11-15,Parachute,2023,https://boxd.it/A0cW
2025-11-15,Argo,2012,https://boxd.it/2czU
2025-11-15,Prozac Nation,2001,https://boxd.it/1KxG
2025-11-15,"Sorry, Baby",2025,https://boxd.it/JKNi
2025-11-15,The Penguin,2024,https://boxd.it/QkIU
2025-11-15,Enemy,2013,https://boxd.it/5xtO
2025-11-15,Once,2007,https://boxd.it/22GG
2025-11-15,Vagabond,1985,https://boxd.it/T0u
2025-11-15,The Broken Circle Breakdown,2012,https://boxd.it/4pHm
2025-11-15,The House of Yes,1997,https://boxd.it/1fGM
2025-11-15,The 10th Victim,1965,https://boxd.it/38w
2025-11-15,Mona Lisa Smile,2003,https://boxd.it/1T0Q
2025-11-15,Freedom Writers,2007,https://boxd.it/28p2
2025-11-15,The Chorus,2004,https://boxd.it/22X8
2025-11-17,The President's Cake,2025,https://boxd.it/UhSA
2025-11-17,The Night of the Hunter,1955,https://boxd.it/25HW
2025-11-20,Sita Sings the Blues,2008,https://boxd.it/1DkU
2025-11-21,Now You See Me: Now You Don't,2025,https://boxd.it/f3i2
2025-11-21,The Perks of Being a Wallflower,2012,https://boxd.it/2ZA8
2025-11-21,Lady Bird,2017,https://boxd.it/dGNE
2025-11-21,The Way Way Back,2013,https://boxd.it/4Gwq
2025-11-21,Cinema Paradiso,1988,https://boxd.it/1UlA
2025-11-21,Finding Forrester,2000,https://boxd.it/29KK
2025-11-21,The Pianist,2002,https://boxd.it/2aqc
2025-11-21,Ship of Theseus,2012,https://boxd.it/4c5O
2025-11-21,Lust for Life,1956,https://boxd.it/1n8I
2025-11-21,Caught Stealing,2025,https://boxd.it/LnyS
2025-11-21,The Whale,2022,https://boxd.it/tw4c
2025-11-21,Kontroll,2003,https://boxd.it/23dK
2025-11-21,Camille Claudel,1988,https://boxd.it/1Tbk
2025-11-22,Kes,1969,https://boxd.it/1Qi8
2025-11-27,Suspiria,1977,https://boxd.it/1SNW
2025-11-27,Buffalo '66,1998,https://boxd.it/1YC6
2025-11-27,The Lost Head and the Bird,2018,https://boxd.it/lz5w
2025-11-27,12 Angry Men,1957,https://boxd.it/2auI
2025-11-27,Jigarthanda,2014,https://boxd.it/88Je
2025-11-27,Made in Hong Kong,1997,https://boxd.it/1uFk
2025-11-27,Ran,1985,https://boxd.it/1Tlu
2025-11-27,Cure,1997,https://boxd.it/1blA
2025-12-04,"Larceny, Inc.",1942,https://boxd.it/2bEk
2025-12-04,"Mektoub, My Love: Canto Uno",2017,https://boxd.it/bdhK
2025-12-04,"Mektoub, My Love: Intermezzo",2019,https://boxd.it/ieg8
2025-12-04,"Mektoub, My Love: Canto Due",2025,https://boxd.it/oBTY
2025-12-05,Materialists,2025,https://boxd.it/GZlW
2025-12-17,Kiss of the Spider Woman,2025,https://boxd.it/K6Ag
2025-12-19,Hamnet,2025,https://boxd.it/woVy
2025-12-19,The Black Phone,2021,https://boxd.it/sqFE
2025-12-19,The Shining,1980,https://boxd.it/29Nu
2025-12-19,Lolita,1962,https://boxd.it/29Ag
2025-12-20,Kaantha,2025,https://boxd.it/LChi
2025-12-20,Days and Nights in the Forest,1970,https://boxd.it/1bM2
2025-12-21,Wake Up Dead Man,2025,https://boxd.it/uAKS
2025-12-22,Shutter Island,2010,https://boxd.it/1U82
2025-12-22,Predestination,2014,https://boxd.it/6bJM
2025-12-22,The Butterfly Effect,2004,https://boxd.it/27M0
2025-12-22,The Machinist,2004,https://boxd.it/248c
2025-12-22,Jacob's Ladder,1990,https://boxd.it/270g
2025-12-22,The Room,2003,https://boxd.it/1ICY
2025-12-22,My Darling Clementine,1946,https://boxd.it/25LE
2025-12-22,The Searchers,1956,https://boxd.it/25HC
2025-12-22,The Shop Around the Corner,1940,https://boxd.it/1DFy
2025-12-22,Angel,1937,https://boxd.it/SwY
2025-12-22,Roman Holiday,1953,https://boxd.it/29zW
2025-12-22,It's a Wonderful Life,1946,https://boxd.it/28xA
2025-12-22,It Happened One Night,1934,https://boxd.it/25Ng
2025-12-23,Matilda,1996,https://boxd.it/1VhY
2025-12-23,Kabhi Khushi Kabhie Gham,2001,https://boxd.it/1Vtg
2025-12-23,Desperado,1995,https://boxd.it/20Bk
2025-12-23,Cruella,2021,https://boxd.it/bbKg
2025-12-23,The Pop Out: Ken & Friends,2024,https://boxd.it/NQLK
2025-12-23,Erupcja,2025,https://boxd.it/PHcq
2025-12-24,Relay,2024,https://boxd.it/Faee
2025-12-25,Aamir,2008,https://boxd.it/1QMs
2025-12-26,Tokyo Godfathers,2003,https://boxd.it/1Qg2
2025-12-27,The Chronology of Water,2025,https://boxd.it/j3pq
2025-12-27,Once Upon a Time... in Hollywood,2019,https://boxd.it/gH0O
2025-12-29,The People Upstairs,2020,https://boxd.it/qSsa
2025-12-29,...And God Created Woman,1956,https://boxd.it/20c0
2025-12-29,The Truth,1960,https://boxd.it/d3Q
2025-12-29,Love on a Pillow,1962,https://boxd.it/dyY
2025-12-30,Viva Maria!,1965,https://boxd.it/1T3U
2025-12-30,Contempt,1963,https://boxd.it/2aJe
2025-12-30,Final Cut: Ladies and Gentlemen,2012,https://boxd.it/491E
2025-12-30,Spirits of the Dead,1968,https://boxd.it/ZTg
2025-12-30,"Please, Not Now!",1961,https://boxd.it/4IK
2025-12-30,The Vixen,1969,https://boxd.it/3erK
2025-12-30,A Woman Like Satan,1958,https://boxd.it/ma2
2025-12-30,The Edifying and Joyous Story of Colinot,1973,https://boxd.it/7HjI
2025-12-31,Vidheyan,1994,https://boxd.it/7yqq
2025-12-31,Mathilukal,1990,https://boxd.it/7wOq
2025-12-31,Elippathayam,1982,https://boxd.it/37x2
2025-12-31,Dil Chahta Hai,2001,https://boxd.it/1Nsk
2026-01-03,My First Film,2024,https://boxd.it/DNCq
2026-01-03,Love Exposure,2008,https://boxd.it/1pDe
2026-01-03,Jab We Met,2007,https://boxd.it/1T2W
2026-01-03,Love Aaj Kal,2009,https://boxd.it/1EJc
2026-01-04,Rosetta,1999,https://boxd.it/1TJw
2026-01-05,Awaara,1951,https://boxd.it/14BQ
2026-01-05,Mera Naam Joker,1970,https://boxd.it/1BQY
2026-01-05,Satyam Shivam Sundaram,1978,https://boxd.it/4AEy
2026-01-05,Sangam,1964,https://boxd.it/Hho
2026-01-05,Tuesday,2015,https://boxd.it/AJsU
2026-01-05,Do Not Expect Too Much from the End of the World,2023,https://boxd.it/zkHI
2026-01-05,Revenge,2017,https://boxd.it/gL9g
2026-01-05,The Housemaid,2010,https://boxd.it/Q6k
2026-01-07,Palo Alto,2013,https://boxd.it/5Nzy
2026-01-08,Three Colours: Blue,1993,https://boxd.it/2b7K
2026-01-08,Three Colours: Red,1994,https://boxd.it/2b7q
2026-01-08,The Double Life of Véronique,1991,https://boxd.it/28va
2026-01-09,Blood Simple,1984,https://boxd.it/1U16
2026-01-10,Dressed to Kill,1946,https://boxd.it/1Dwm
2026-01-11,Mickey 17,2025,https://boxd.it/q1Dk
2026-01-11,The Color of Paradise,1999,https://boxd.it/1JfG
2026-01-11,Beyond the Clouds,2017,https://boxd.it/fFeW
2026-01-11,The Song of Sparrows,2008,https://boxd.it/uJY
2026-01-11,The Panic in Needle Park,1971,https://boxd.it/1rwu
2026-01-15,Hiroshima Mon Amour,1959,https://boxd.it/22WY
2026-01-15,Hazaaron Khwaishein Aisi,2003,https://boxd.it/1BI6
2026-01-16,Palestine 36,2025,https://boxd.it/T09w
2026-01-16,The Moment,2026,https://boxd.it/SCkg
2026-01-18,The Road,2009,https://boxd.it/1CWI
2026-01-23,28 Years Later: Part III,,https://boxd.it/MvzG
2026-01-23,The Exorcist,1973,https://boxd.it/1Yoo
2026-01-24,Song Sung Blue,2025,https://boxd.it/QMqO
2026-01-24,Lawrence of Arabia,1962,https://boxd.it/2wRE
2026-01-25,The Fable,2024,https://boxd.it/KU74
2026-01-26,Swept Away,1974,https://boxd.it/17cY
2026-01-27,Portrait of a Lady on Fire,2019,https://boxd.it/jkPq
2026-01-27,The Artist,2011,https://boxd.it/2AwK
2026-01-27,Horse Girl,2020,https://boxd.it/oioi
2026-01-27,Dancer in the Dark,2000,https://boxd.it/71E
2026-01-27,Maniac,2012,https://boxd.it/3wzs
2026-01-27,Lost Highway,1997,https://boxd.it/29Wc
2026-01-27,Rear Window,1954,https://boxd.it/2a6Q
2026-01-27,Cléo from 5 to 7,1962,https://boxd.it/2agm
2026-01-27,Jane B. by Agnès V.,1988,https://boxd.it/xxw
2026-01-27,Seven Samurai,1954,https://boxd.it/2axi
2026-01-27,Hedda,2025,https://boxd.it/BGME
2026-01-27,Before Sunset,2004,https://boxd.it/2bcg
2026-01-29,No Hard Feelings,2023,https://boxd.it/xouu
2026-02-03,Get Out Your Handkerchiefs,1978,https://boxd.it/24A6
2026-02-03,Maborosi,1995,https://boxd.it/1G9U
2026-02-03,The Leopard,1963,https://boxd.it/296K
2026-02-05,I Saw the Light,2015,https://boxd.it/9ruu
2026-02-06,The Divine Nymph,1975,https://boxd.it/QLi
2026-02-07,Live Flesh,1997,https://boxd.it/2aJ4
2026-02-07,Swimming Pool,2003,https://boxd.it/2aDU
2026-02-07,Stranger by the Lake,2013,https://boxd.it/5Fji
2026-02-07,Hook,1991,https://boxd.it/29nQ
2026-02-08,Liar Liar,1997,https://boxd.it/28sg
2026-02-08,Confessions of a Dangerous Mind,2002,https://boxd.it/23Gi
2026-02-09,Walkabout,1971,https://boxd.it/1bsG
2026-02-09,The Whispering of the Gods,2005,https://boxd.it/4m26
2026-02-10,Heaven's Story,2010,https://boxd.it/4toe
2026-02-10,Drive My Car,2021,https://boxd.it/sv94
2026-02-10,Dolls,2002,https://boxd.it/29pi
2026-02-11,Witness for the Prosecution,1957,https://boxd.it/18H4
2026-02-11,The Green Knight,2021,https://boxd.it/kuy2
2026-02-11,The Ugly Stepsister,2025,https://boxd.it/MZBM
2026-02-11,Behind Convent Walls,1978,https://boxd.it/13Us
2026-02-11,The Margin,1976,https://boxd.it/2mW
2026-02-11,Immoral Tales,1973,https://boxd.it/MQS
2026-02-11,Céline and Julie Go Boating,1974,https://boxd.it/1sGA
2026-02-11,The Story of Sin,1975,https://boxd.it/4UZc
2026-02-11,L'Eclisse,1962,https://boxd.it/1CoG
2026-02-11,The Brutalist,2024,https://boxd.it/k4BO
2026-02-12,Incendies,2010,https://boxd.it/Msm
2026-02-12,Birth of a Nation,1997,https://boxd.it/9kGy
2026-02-12,The Birth of a Nation,1915,https://boxd.it/29Zg
2026-02-12,Death in Venice,1971,https://boxd.it/21tm
2026-02-12,The Neon Demon,2016,https://boxd.it/9AnW
2026-02-13,Fantastic Mr. Fox,2009,https://boxd.it/1WyQ
2026-02-13,Punch-Drunk Love,2002,https://boxd.it/20E4
2026-02-13,A Good Lawyer's Wife,2003,https://boxd.it/ctI
2026-02-13,Iron Lung,2026,https://boxd.it/GdtI
2026-02-14,The Wind Will Carry Us,1999,https://boxd.it/Uwc
2026-02-16,Mommie Dearest,1981,https://boxd.it/1LNq
2026-02-16,Bullet in the Head,1990,https://boxd.it/1SNs
2026-02-16,Ex Machina,2015,https://boxd.it/7T2k
2026-02-16,Raw,2016,https://boxd.it/dLd2
2026-02-16,Schindler's List,1993,https://boxd.it/2aq2
2026-02-16,Saving Private Ryan,1998,https://boxd.it/29ro
2026-02-16,A Clockwork Orange,1971,https://boxd.it/2aVE
2026-02-16,Glass Onion,2022,https://boxd.it/oCkK
2026-02-17,The Alabama Solution,2025,https://boxd.it/Slqc
2026-02-17,eXistenZ,1999,https://boxd.it/27Ni
2026-02-18,The Fall,2006,https://boxd.it/1NoM
2026-02-18,The Cell,2000,https://boxd.it/1ZLS
2026-02-19,Trade,2007,https://boxd.it/24JM
2026-02-19,A.I. Artificial Intelligence,2001,https://boxd.it/29Ve
2026-02-19,The Vanishing,1988,https://boxd.it/1ZTW
2026-02-19,Twice a Woman,1979,https://boxd.it/39EO
2026-02-19,Wuthering Heights,1992,https://boxd.it/1wpe
2026-02-19,Wuthering Heights,1939,https://boxd.it/25Mi
2026-02-20,Nymphomaniac: Vol. I,2013,https://boxd.it/7DiG
2026-02-20,Nymphomaniac: Vol. II,2013,https://boxd.it/7j9Y
2026-02-20,Nymphomaniac,2014,https://boxd.it/B4Le
2026-02-24,Boong,2024,https://boxd.it/Oprq
2026-02-24,Letter Never Sent,1960,https://boxd.it/2W6u
2026-02-24,I Am Cuba,1964,https://boxd.it/1hUQ
2026-02-24,The Cranes Are Flying,1957,https://boxd.it/169Y
2026-02-24,Videodrome,1983,https://boxd.it/29uC
2026-02-25,"Good Luck, Have Fun, Don't Die",2025,https://boxd.it/Glua
2026-03-06,Sada,1998,https://boxd.it/42aE
2026-03-06,Assi,2026,https://boxd.it/T7pc
2026-03-06,Aadukalam,2011,https://boxd.it/2elq
2026-03-06,The Audition,2015,https://boxd.it/cEHC
2026-03-08,The Beast,1975,https://boxd.it/SIA
2026-03-08,Collateral,2004,https://boxd.it/28F0
2026-03-08,A Different Image,1982,https://boxd.it/7nHK
2026-03-08,Butterfly,2024,https://boxd.it/KQGE
2026-03-08,The Crossing,2021,https://boxd.it/lAYM
2026-03-08,Diabolique,1955,https://boxd.it/29we
2026-03-08,Apocalypto,2006,https://boxd.it/28yy
2026-03-16,BEEF,2023,https://boxd.it/FPsm
2026-03-16,If I Had Legs I'd Kick You,2025,https://boxd.it/HUtS
2026-03-16,How to Seduce Your Teacher,1979,https://boxd.it/4LAi
2026-03-16,City of Women,1980,https://boxd.it/1SJg
2026-03-16,Hanna D: The Girl from Vondel Park,1984,https://boxd.it/33Zm
2026-03-16,Spring Breakers,2012,https://boxd.it/421s
2026-03-17,Taal,1999,https://boxd.it/1CGU
2026-03-17,Umrao Jaan,2006,https://boxd.it/MLe
2026-03-17,Fear of Fear,1975,https://boxd.it/Ld6
2026-03-17,At Five in the Afternoon,2003,https://boxd.it/T84
2026-03-17,Guide,1965,https://boxd.it/2Oa4
2026-03-17,Sleep Has Her House,2017,https://boxd.it/fljC
2026-03-17,The Green Ray,1986,https://boxd.it/t8W
2026-03-17,The Bitter Tears of Petra von Kant,1972,https://boxd.it/1WzE
2026-03-19,Pushpa 3 - The Rampage,,https://boxd.it/NCik
2026-03-19,Hey Ram,2000,https://boxd.it/fGg
2026-03-19,Mayaanadhi,2017,https://boxd.it/goaU
2026-03-20,2 Days in the Valley,1996,https://boxd.it/1YM6
2026-03-20,Girls Will Be Girls,2024,https://boxd.it/FVUw
2026-03-22,The Tale of The Princess Kaguya,2013,https://boxd.it/4JQI
2026-03-22,Vāranāsi,2027,https://boxd.it/yGmK
2026-03-22,Baahubali: The Eternal War – Part 1,2027,https://boxd.it/Yzgs
2026-03-22,"LSD: Love, Sex aur Dhokha",2010,https://boxd.it/1c6c
2026-03-22,"LSD 2: Love, Sex aur Dhokha 2",2024,https://boxd.it/F6Su
2026-03-22,Queen of the Damned,2002,https://boxd.it/1SCu
2026-03-22,Zero Bridge,2008,https://boxd.it/3MFw
2026-03-23,Inglourious Basterds,2009,https://boxd.it/1JzG
2026-03-23,Dog Star Man,1965,https://boxd.it/eQCS
2026-03-27,Forbidden Fruits,2026,https://boxd.it/TI9g
2026-03-28,Living in Bondage,1992,https://boxd.it/cDiG
2026-03-30,Bugonia,2025,https://boxd.it/qeWY
2026-03-30,The Favourite,2018,https://boxd.it/d2hI
2026-03-30,The Return of the Exorcist,1975,https://boxd.it/5mWg
2026-03-30,Show Me Love,1998,https://boxd.it/1TmW
2026-03-30,Peaky Blinders: The Immortal Man,2026,https://boxd.it/x3yq
2026-03-30,Sahib Bibi Aur Ghulam,1962,https://boxd.it/2tHQ
2026-03-30,Blue Moon,2025,https://boxd.it/Nzwy
2026-03-30,Climax,2018,https://boxd.it/ikvo
2026-03-30,Last Summer,1969,https://boxd.it/16Mc
2026-03-30,After Hours,1985,https://boxd.it/1VfS
2026-03-30,Kill Bill: The Whole Bloody Affair,2004,https://boxd.it/eCrQ
2026-03-31,The Lost Daughter,2021,https://boxd.it/kgww
2026-03-31,Strange Days,1995,https://boxd.it/2aGO
2026-03-31,What's Eating Gilbert Grape,1993,https://boxd.it/28xg
2026-04-01,Blood from the Mummy's Tomb,1971,https://boxd.it/1464
2026-04-03,Sex,1992,https://boxd.it/ayKw
2026-04-04,Chungking Express,1994,https://boxd.it/1UDa
2026-04-04,2046,2004,https://boxd.it/29tu
2026-04-05,Destricted,2006,https://boxd.it/6eGG
2026-04-05,The Drama,2026,https://boxd.it/OA2w
2026-04-06,The Big Lebowski,1998,https://boxd.it/2b6C
2026-04-06,Cruel Intentions,1999,https://boxd.it/29Be
2026-04-06,Death and the Maiden,1994,https://boxd.it/1W26
2026-04-06,Moothon,2019,https://boxd.it/gmlm
2026-04-06,Days of Being Wild,1990,https://boxd.it/1HbC
2026-04-06,The Hand,2020,https://boxd.it/vWp0
2026-04-06,Eros,2004,https://boxd.it/135k
2026-04-06,The Alcove,1985,https://boxd.it/2jIO
2026-04-06,The Woman Who Invented Love,1980,https://boxd.it/5Sl2
2026-04-06,Guilty of Romance,2011,https://boxd.it/2OAQ
2026-04-06,The Red Violin,1998,https://boxd.it/1Oo4
2026-04-06,Death Becomes Her,1992,https://boxd.it/1YQi
2026-04-06,Black,2005,https://boxd.it/1hZQ
2026-04-06,Suspect Zero,2004,https://boxd.it/20zo
2026-04-06,It,1990,https://boxd.it/26tG
2026-04-07,Thondimuthalum Driksakshiyum,2017,https://boxd.it/grc0
2026-04-07,A Woman Under the Influence,1974,https://boxd.it/1myg
2026-04-07,Bring Me the Head of Alfredo Garcia,1974,https://boxd.it/1SIs
2026-04-08,The River,1951,https://boxd.it/Q3K
2026-04-10,8 Mile,2002,https://boxd.it/2bew
2026-04-10,The Exploits of Elaine,1914,https://boxd.it/61c4
2026-04-10,Kramer vs. Kramer,1979,https://boxd.it/h0w
2026-04-11,Satantango,1994,https://boxd.it/1j9M
2026-04-11,4:44 Last Day on Earth,2011,https://boxd.it/34SQ
2026-04-11,Delicatessen,1991,https://boxd.it/29lK
2026-04-11,"Ana, My Love",2017,https://boxd.it/fesM
2026-04-11,Kali-Katha: The Prologue to Ugly,2014,https://boxd.it/DC3a
2026-04-11,Jules and Jim,1962,https://boxd.it/28rM
2026-04-11,Emanuelle and Françoise,1975,https://boxd.it/2jIE
2026-04-11,Bison Kaalamaadan,2025,https://boxd.it/LUUW
2026-04-11,Stolen,2023,https://boxd.it/HJAe
2026-04-12,Out of the Past,1947,https://boxd.it/29PK
2026-04-12,Pelli Choopulu,2016,https://boxd.it/dM0o
2026-04-12,Charlie,2015,https://boxd.it/cV5q
2026-04-13,How to Have Sex,2023,https://boxd.it/EFIM
2026-04-13,Peppermint Candy,1999,https://boxd.it/ZQc
2026-04-14,To Live and Die in L.A.,1985,https://boxd.it/1XFo
2026-04-14,Haseena Atom Bomb,1990,https://boxd.it/8SbW
2026-04-14,Dry Leaf,2025,https://boxd.it/E2lO
2026-04-14,Hana & Alice,2004,https://boxd.it/1qXa
2026-04-14,Autumn Sonata,1978,https://boxd.it/1Rio
2026-04-14,9 Souls,2003,https://boxd.it/1Jqk
2026-04-14,Swallowtail Butterfly,1996,https://boxd.it/20b2
2026-04-14,Nowhere,1997,https://boxd.it/286E
2026-04-15,Sanam Teri Kasam,2016,https://boxd.it/dhbU
2026-04-15,Scott Pilgrim vs. the World,2010,https://boxd.it/1Aq6
2026-04-15,Office Space,1999,https://boxd.it/28Em
2026-04-15,Mischief,1985,https://boxd.it/1NsE
2026-04-15,The Italian Job,1969,https://boxd.it/1W1i
2026-04-17,What's Love,1987,https://boxd.it/BvGq
2026-04-17,I Stand Alone,1998,https://boxd.it/28Au
2026-04-17,Dreams,1990,https://boxd.it/1ROu
2026-04-17,One Day Before the Rainy Season,1971,https://boxd.it/7SqA
2026-04-20,Amarcord,1973,https://boxd.it/20NA
2026-04-20,A Nightmare on Elm Street,1984,https://boxd.it/2aw0
2026-04-20,Subramaniapuram,2008,https://boxd.it/2EKm
2026-04-20,Seventeeners,2021,https://boxd.it/yNMA
2026-04-20,Arvind Desai Ki Ajeeb Dastaan,1978,https://boxd.it/4bLk
2026-04-20,Phantosmia,2024,https://boxd.it/OnXk
2026-04-22,Can't Hardly Wait,1998,https://boxd.it/1MWI
2026-04-22,Confessions,2010,https://boxd.it/uRS
2026-04-22,Mind Game,2004,https://boxd.it/1Bv2
2026-04-22,"Night Is Short, Walk On Girl",2017,https://boxd.it/ffwA
2026-04-23,Gosford Park,2001,https://boxd.it/239e
2026-04-24,Megan Is Missing,2011,https://boxd.it/sKJG
2026-04-24,The Poughkeepsie Tapes,2007,https://boxd.it/162y
2026-04-24,The Girl Next Door,2007,https://boxd.it/1MoQ
2026-04-24,Pink Flamingos,1972,https://boxd.it/29NO
2026-04-24,Eden Lake,2008,https://boxd.it/1Q1m
2026-04-24,Begotten,1989,https://boxd.it/28Ie
2026-04-24,Martyrs,2008,https://boxd.it/1Yqu
2026-04-24,Alpha,2025,https://boxd.it/N008
2026-04-24,Thirst,2009,https://boxd.it/1Aqq
2026-04-25,Where the Wild Things Are,2009,https://boxd.it/1K0C
2026-04-25,The Last Temptation of Christ,1988,https://boxd.it/1ULe
2026-04-26,Scarface,1983,https://boxd.it/2b7g
2026-04-26,The Life of Chuck,2024,https://boxd.it/vMTu
2026-04-27,The Kingdom of the Fairies,1903,https://boxd.it/1gIa
2026-04-27,The Red Shoes,1948,https://boxd.it/1EXI
2026-04-27,Hackers,1995,https://boxd.it/1WhU
2026-04-27,The Odyssey,2026,https://boxd.it/QFQU
2026-04-27,Lady Vengeance,2005,https://boxd.it/248G
2026-04-27,RoboCop,1987,https://boxd.it/22Wu
2026-04-27,Gummo,1997,https://boxd.it/1H0Y
2026-04-28,One Cut of the Dead,2017,https://boxd.it/iAFu
2026-04-28,Roommates,2026,https://boxd.it/WcPU
2026-04-28,The Slumber Party Massacre,1982,https://boxd.it/1rIq
2026-04-28,Slumber Party Massacre II,1987,https://boxd.it/1r1G
2026-04-28,Carrie,1976,https://boxd.it/20ZQ
2026-04-28,The Texas Chainsaw Massacre 2,1986,https://boxd.it/1Kk8
2026-04-28,Nosferatu,1922,https://boxd.it/29TM
2026-04-29,Band Baaja Baaraat,2010,https://boxd.it/yl2
2026-04-29,The Invisible Maniac,1990,https://boxd.it/1pOG
2026-05-01,Orphan,2009,https://boxd.it/1CgM
2026-05-01,Barbarian,2022,https://boxd.it/yohi
2026-05-01,The Girl Can't Help It,1956,https://boxd.it/VTw
2026-05-01,Will Success Spoil Rock Hunter?,1957,https://boxd.it/190q
2026-05-01,Melancholia,2011,https://boxd.it/bPI
2026-05-01,Antichrist,2009,https://boxd.it/1Inu
2026-05-01,Häxan,1922,https://boxd.it/n4O
2026-05-02,Melancholie der Engel,2009,https://boxd.it/4XmC
2026-05-02,Nekromantik,1988,https://boxd.it/1T0w
2026-05-02,The Brown Bunny,2003,https://boxd.it/1RnI
2026-05-02,Cannibal Holocaust,1980,https://boxd.it/1ZWQ
2026-05-02,Planet Terror,2007,https://boxd.it/27Gw
2026-05-02,The Gospel According to St. Matthew,1964,https://boxd.it/1y7c
2026-05-02,The Decameron,1971,https://boxd.it/1fdq
2026-05-03,Lincoln,2012,https://boxd.it/2n2s
2026-05-04,Adventures of a Taxi Driver,1976,https://boxd.it/33w0
2026-05-06,The Brothers Grimm,2005,https://boxd.it/24kW
2026-05-06,The Canterbury Tales,1972,https://boxd.it/22Ky
2026-05-06,Mamma Roma,1962,https://boxd.it/JRo
2026-05-06,Arabian Nights,1974,https://boxd.it/KO6
2026-05-07,The Secret Path,1999,https://boxd.it/COi
2026-05-07,Puparia,2020,https://boxd.it/sNym
2026-05-08,Hope,2013,https://boxd.it/7x5Q
2026-05-08,Star Wars,1977,https://boxd.it/72s
2026-05-10,My Way Home,1978,https://boxd.it/3HHi
2026-05-10,My Childhood,1972,https://boxd.it/3OPy
2026-05-10,My Ain Folk,1973,https://boxd.it/3HNg
2026-05-10,High and Low,1963,https://boxd.it/1RSc
2026-05-10,August in the Water,1995,https://boxd.it/3xQE
2026-05-10,Tokyo Gore Police,2008,https://boxd.it/1KUq
2026-05-10,Battle Royale,2000,https://boxd.it/25zS
2026-05-10,A Snake of June,2002,https://boxd.it/1fuQ
2026-05-10,Haze,2005,https://boxd.it/1uAu
2026-05-11,Vortex,2021,https://boxd.it/uoni
2026-05-11,Constantine,2005,https://boxd.it/2a7E
2026-05-11,Wittgenstein,1993,https://boxd.it/jeK
2026-05-14,Between Your Legs,1999,https://boxd.it/xkC
2026-05-14,Nun in Rope Hell,1984,https://boxd.it/5Dl2
2026-05-14,Eternity and a Day,1998,https://boxd.it/1wSq
2026-05-15,Fatherland,2026,https://boxd.it/TbK4
2026-05-16,Dumplings,2004,https://boxd.it/1ZgA
2026-05-16,Faces of Death,2026,https://boxd.it/wiLC
2026-05-16,Lihaaf: The Quilt,2019,https://boxd.it/mg5a
2026-05-16,Wasabi,2001,https://boxd.it/27pK
2026-05-16,Ritual,2000,https://boxd.it/14z6
2026-05-16,M,1931,https://boxd.it/29vq
2026-05-17,Angel's Egg,1985,https://boxd.it/1LeA
2026-05-17,Black Magic M-66,1987,https://boxd.it/25c
2026-05-17,Genius Party Beyond,2008,https://boxd.it/2FFi
2026-05-17,Star Wars: Visions – BLACK,2025,https://boxd.it/YyLa
2026-05-17,Baku Yumemakura's Twilight Theatre,1991,https://boxd.it/yjNI
2026-05-17,Roughhouse,2018,https://boxd.it/kN5o
2026-05-17,Heroic Times,1983,https://boxd.it/7aSK
2026-05-17,The Devil,1972,https://boxd.it/3iRC
2026-05-17,The Dreamers,2003,https://boxd.it/28X4
2026-05-17,Ping Pong the Animation,2014,https://boxd.it/oL1s
2026-05-18,Musashi: The Dream of the Last Samurai,2009,https://boxd.it/xA6
2026-05-18,"The Good, the Bad and the Ugly",1966,https://boxd.it/2ape
2026-05-18,The Stendhal Syndrome,1996,https://boxd.it/13GK
2026-05-19,2001: A Space Odyssey,1968,https://boxd.it/2bf0
2026-05-19,Hard Boiled,1992,https://boxd.it/1T6a
2026-05-19,Walk with Me,2024,https://boxd.it/JUhQ
2026-05-19,Beau Travail,1999,https://boxd.it/1NI8
2026-05-19,Belladonna of Sadness,1973,https://boxd.it/2q
2026-05-19,Wicked City,1987,https://boxd.it/1BSA
2026-05-19,Ghost in the Shell 2: Innocence,2004,https://boxd.it/1SrG
2026-05-19,Cecilia,1983,https://boxd.it/3aVG
2026-05-19,Cigarette Burns,2005,https://boxd.it/aH2y
2026-05-19,We're All Going to the World's Fair,2021,https://boxd.it/tbmY
2026-05-19,Demonlover,2002,https://boxd.it/1xz0
2026-05-19,Spun,2002,https://boxd.it/1SAo
2026-05-20,9 Songs,2004,https://boxd.it/702
2026-05-20,Anantaram,1987,https://boxd.it/8m3G
2026-05-20,Teenage Sex and Death at Camp Miasma,2026,https://boxd.it/L9GS
2026-05-21,Emak-Bakia,1926,https://boxd.it/4mRI
2026-05-21,Entr'acte,1924,https://boxd.it/RRG
2026-05-21,Ballet Mécanique,1924,https://boxd.it/3CAG
2026-05-21,The Starfish,1928,https://boxd.it/3gkQ
2026-05-21,Ghost Dog: The Way of the Samurai,1999,https://boxd.it/23Ne
2026-05-21,The Face of Another,1966,https://boxd.it/1nso
2026-05-21,Le Trou,1960,https://boxd.it/1nSw
2026-05-21,One Flew Over the Cuckoo's Nest,1975,https://boxd.it/2aeA
2026-05-21,Thelma & Louise,1991,https://boxd.it/28Ew
2026-05-21,There Will Be Blood,2007,https://boxd.it/20Z2
2026-05-21,The Graduate,1967,https://boxd.it/18Im
2026-05-21,Decalogue I,1989,https://boxd.it/3WmE
2026-05-21,Decalogue II,1989,https://boxd.it/C8Q
2026-05-21,Decalogue III,1989,https://boxd.it/3Wmu
2026-05-21,Before the Devil Knows You're Dead,2007,https://boxd.it/20Jy
2026-05-21,Murder on the Orient Express,1974,https://boxd.it/24IY
2026-05-21,Fargo,1996,https://boxd.it/2aHM
2026-05-21,The Apartment,1960,https://boxd.it/2aGE
2026-05-21,Forrest Gump,1994,https://boxd.it/728
2026-05-21,Back to the Future,1985,https://boxd.it/2b8e
2026-05-21,Trainspotting,1996,https://boxd.it/29XY
2026-05-21,Wings of Desire,1987,https://boxd.it/2b26
2026-05-21,Life Is Flashing Before Your Eyes,1984,https://boxd.it/3Av0
2026-05-21,A Good Day Will Come,2024,https://boxd.it/O606
2026-05-22,The Man I Love,2026,https://boxd.it/U3EO
2026-05-22,Room 666,1982,https://boxd.it/3VAK
2026-05-22,Notes on an American Film Director at Work,2005,https://boxd.it/ea2S
2026-05-22,The Fabelmans,2022,https://boxd.it/ugoM
2026-05-22,5-25-77,2008,https://boxd.it/60J2
2026-05-22,Coffee and Cigarettes,2003,https://boxd.it/29nc
2026-05-22,The Connection,1961,https://boxd.it/kRo
2026-05-22,Talking Heads,1980,https://boxd.it/GSy
2026-05-22,Charlie's Angels: Full Throttle,2003,https://boxd.it/1YB8
2026-05-22,Heavenly Vessel,2023,https://boxd.it/IPXK
2026-05-23,Lux Æterna,2019,https://boxd.it/m6b8
2026-05-23,Le Bonheur,1965,https://boxd.it/xyk
2026-05-23,The Thing,1982,https://boxd.it/294O
2026-05-23,The Wailing,2016,https://boxd.it/9fLy
2026-05-25,The Portrait,1915,https://boxd.it/e9pQ
2026-05-25,Suspiria,2018,https://boxd.it/cioI
2026-05-25,The Departure,1967,https://boxd.it/4qCW
2026-05-25,Elephants in the Fog,2026,https://boxd.it/120tE
2026-05-25,Monster,2023,https://boxd.it/DJEM
2026-05-25,Casablanca,1942,https://boxd.it/2aG0
2026-05-25,Boss Nigger,1974,https://boxd.it/1sUW
2026-05-25,It Was Just an Accident,2025,https://boxd.it/TX2k
2026-05-25,MaXXXine,2024,https://boxd.it/CIM4
2026-05-25,Companion,2025,https://boxd.it/F04o
2026-05-26,The Captive,2000,https://boxd.it/Lcs
2026-05-26,Viridiana,1961,https://boxd.it/24eE
2026-05-27,Bully,2001,https://boxd.it/1Yu2
2026-05-27,"Jeanne Dielman, 23, quai du Commerce, 1080 Bruxelles",1975,https://boxd.it/T18
2026-05-27,Blanche,1971,https://boxd.it/4Ui8
2026-05-28,Moonrise Kingdom,2012,https://boxd.it/2Wng
2026-05-28,Don't Go to Sleep,1982,https://boxd.it/30fq
2026-05-28,Nosferatu the Vampyre,1979,https://boxd.it/21J0
2026-05-28,The Tenant,1976,https://boxd.it/1TKk
2026-05-28,Ani*Kuri15: Good Morning,2007,https://boxd.it/fqQc
2026-05-28,The Feeling That the Time for Doing Something Has Passed,2023,https://boxd.it/E4Zw
2026-05-28,The Legend of 1900,1998,https://boxd.it/1WpY
2026-05-28,My Father's Shadow,2025,https://boxd.it/T1a6
2026-05-29,Backrooms,2026,https://boxd.it/EY6W
2026-05-29,Nobody Else But You,2011,https://boxd.it/vKe
2026-05-29,Marebito,2004,https://boxd.it/z5O
2026-05-29,Peter Hujar's Day,2025,https://boxd.it/HSdo
2026-05-29,Passenger,2026,https://boxd.it/QGFo
2026-05-29,Marnie,1964,https://boxd.it/2afe
2026-05-29,Seconds,1966,https://boxd.it/1Dbe
2026-05-29,Master of the House,1925,https://boxd.it/rto
2026-05-29,State of Siege,1972,https://boxd.it/3dao
2026-05-29,Sundays and Cybele,1962,https://boxd.it/VxU
2026-05-29,Jigoku,1960,https://boxd.it/EfY
2026-05-29,Island of Lost Souls,1932,https://boxd.it/25TS
2026-05-29,The Naked Prey,1965,https://boxd.it/1GOo
2026-05-29,The Turin Horse,2011,https://boxd.it/2Qsk
2026-05-29,Patriotism,1966,https://boxd.it/2pZ2
2026-05-29,Mishima: A Life in Four Chapters,1985,https://boxd.it/1sBA
2026-05-29,Tiger Cage,1988,https://boxd.it/ksy
2026-05-29,Kathal,2023,https://boxd.it/zHcI
2026-05-30,Moonlight Whispers,1999,https://boxd.it/3y7A
2026-05-30,Bottoms,2023,https://boxd.it/uGf2
2026-05-30,The Academy of Fine Arts,2025,https://boxd.it/QOGY
2026-05-30,X,2022,https://boxd.it/sxVa
2026-05-30,Infinity Pool,2023,https://boxd.it/oPSK
2026-05-30,Barbie,2023,https://boxd.it/bCLK
2026-05-30,The Devil Wears Prada,2006,https://boxd.it/2awE
2026-05-30,Fight Club,1999,https://boxd.it/2a9q
2026-05-30,Unknown Number: The High School Catfish,2025,https://boxd.it/WtQq
2026-05-30,Varalaru,2006,https://boxd.it/2hda
2026-05-30,Drive,2011,https://boxd.it/IG
2026-05-30,The Nanny Diaries,2007,https://boxd.it/1RZM
2026-05-31,The Grandmaster,2013,https://boxd.it/QU0
2026-05-31,Life of an American Fireman,1903,https://boxd.it/Sck
2026-05-31,Night of the Felines,1972,https://boxd.it/4dVG
2026-05-31,S1m0ne,2002,https://boxd.it/1Z2o
2026-06-01,Black Girl,1966,https://boxd.it/3jIQ
2026-06-01,The Wizard of Oz,1939,https://boxd.it/29Xu
2026-06-01,Sunset Boulevard,1950,https://boxd.it/2a20
2026-06-01,An Autumn Afternoon,1962,https://boxd.it/CUU
2026-06-01,All the Colours of the Dark,1972,https://boxd.it/1kkQ
2026-06-01,News from Home,1976,https://boxd.it/34TO
2026-06-01,Porto,2016,https://boxd.it/d0x0
2026-06-02,River of No Return,1954,https://boxd.it/27OU
2026-06-02,The Motorcycle Diaries,2004,https://boxd.it/28nU
2026-06-02,Mukundan Unni Associates™,2022,https://boxd.it/xcWQ
2026-06-03,"Synecdoche, New York",2008,https://boxd.it/23zw
2026-06-03,Weekend,2011,https://boxd.it/2Kzu
2026-06-03,Nude,2017,https://boxd.it/hpm0
2026-06-04,Peddi,2026,https://boxd.it/E0G6
2026-06-04,Uncle Boonmee Who Can Recall His Past Lives,2010,https://boxd.it/168Q
2026-06-05,"Do Paise Ki Dhoop, Chaar Aane Ki Baarish",2009,https://boxd.it/nw4a
2026-06-05,A River Called Titas,1973,https://boxd.it/3fUo
2026-06-05,Pickpocket,1997,https://boxd.it/zPi
2026-06-05,Love Circle,1969,https://boxd.it/3NVU
2026-06-05,Be Natural: The Untold Story of Alice Guy-Blaché,2018,https://boxd.it/iRH8
2026-06-05,Scent of a Woman,1992,https://boxd.it/1YAu
2026-06-06,Harakiri,1962,https://boxd.it/1NTU
2026-06-06,Insidious,2010,https://boxd.it/H4k
2026-06-06,Persepolis,2007,https://boxd.it/27DC
2026-06-07,The Furious,2025,https://boxd.it/MQuM
2026-06-07,28 Days,2000,https://boxd.it/1WbM
2026-06-08,Cactus Pears,2025,https://boxd.it/NaeE
2026-06-08,Shape of Momo,2025,https://boxd.it/TGig
2026-06-08,Songs of Forgotten Trees,2025,https://boxd.it/WrXO
2026-06-08,Village Rockstars 2,2024,https://boxd.it/PLgw
2026-06-08,Village Rockstars,2017,https://boxd.it/gYRA
2026-06-08,Pastoral: To Die in the Country,1974,https://boxd.it/3xEI
2026-06-08,Himiko,1974,https://boxd.it/34d4
2026-06-08,Death Bed: The Bed That Eats,1977,https://boxd.it/OGA
2026-06-08,Fruit of Paradise,1970,https://boxd.it/2N24
2026-06-08,Phantom,1975,https://boxd.it/9mmq
2026-06-08,Liquid Sky,1982,https://boxd.it/1CBA
2026-06-08,"Mary Is Happy, Mary Is Happy.",2013,https://boxd.it/7kDq
2026-06-08,Paa,2009,https://boxd.it/1tYA
2026-06-08,Secrets & Lies,1996,https://boxd.it/1UuC
2026-06-08,Loves of a Blonde,1965,https://boxd.it/13NG
2026-06-08,Maya Darpan,1972,https://boxd.it/7Ayc
2026-06-08,Extraction,2020,https://boxd.it/jUjA
2026-06-08,VFW,2019,https://boxd.it/n81G
2026-06-08,Why Don't You Just Die!,2018,https://boxd.it/iDMS
2026-06-08,Dogs Don't Wear Pants,2019,https://boxd.it/j42i
2026-06-08,Marriage of the Blessed,1989,https://boxd.it/T5O
2026-06-08,"Gelatin Silver, Love",2009,https://boxd.it/1qCw
2026-06-08,The Untamed,2016,https://boxd.it/dwAK
2026-06-08,The Grinch That Stole B*tches,2024,https://boxd.it/TyHs
2026-06-08,Howl's Moving Castle,2004,https://boxd.it/23De
2026-06-08,Sleep with Me,1994,https://boxd.it/1Fe0
2026-06-09,No Smoking,2007,https://boxd.it/1b5W
2026-06-09,The Video Diary of Ricardo Lopez,2000,https://boxd.it/3kP4
2026-06-10,The Story of Film: An Odyssey,2011,https://boxd.it/A10C
2026-06-10,Premam,2015,https://boxd.it/bod0
2026-06-10,Photograph,2019,https://boxd.it/iE22
2026-06-11,Down to the Cellar,1983,https://boxd.it/49MA
2026-06-12,That Girl in Yellow Boots,2011,https://boxd.it/2Hjo
2026-06-12,The Hustler,1961,https://boxd.it/298G
2026-06-13,96 Part 2,,https://boxd.it/Qe1U
2026-06-13,Into the Wild,2007,https://boxd.it/22m2
2026-06-13,The Pledge,2001,https://boxd.it/22hc
2026-06-13,The Unbearable Lightness of Being,1988,https://boxd.it/1VKc
2026-06-13,Moebius,1996,https://boxd.it/13Vg
2026-06-13,Disclosure Day,2026,https://boxd.it/MDJY
2026-06-13,Escape from New York,1981,https://boxd.it/294k
2026-06-13,Escape from L.A.,1996,https://boxd.it/1XbI
2026-06-13,Kwaidan,1964,https://boxd.it/1kbY
2026-06-13,Sirāt,2025,https://boxd.it/HxJo
2026-06-13,The Secret Agent,2025,https://boxd.it/KkUE
2026-06-13,The Mirror,1997,https://boxd.it/10Iy
2026-06-13,The Circle,2000,https://boxd.it/1PbA
2026-06-14,Waves,2019,https://boxd.it/jpmy
2026-06-14,The Great Gatsby,2013,https://boxd.it/JY
2026-06-14,A Brighter Summer Day,1991,https://boxd.it/1Luy
2026-06-14,23 (Iravai Moodu),2025,https://boxd.it/UZGo
2026-06-14,The Grand Budapest Hotel,2014,https://boxd.it/3ZqO
2026-06-15,The Proposal,2009,https://boxd.it/1HiS
2026-06-15,Katrina Babies,2022,https://boxd.it/wJgm
2026-06-15,All the Beauty and the Bloodshed,2022,https://boxd.it/BYjU
2026-06-15,Come and See,1985,https://boxd.it/1w9q
2026-06-15,Beach Volleyball Detectives Part 2,2007,https://boxd.it/g4OU
2026-06-15,Sun Children,2020,https://boxd.it/oYB4
2026-06-15,Baran,2001,https://boxd.it/TCS
2026-06-15,Offside,2006,https://boxd.it/1QAm
2026-06-15,Into the Blue - Perfect Blue Relay Interview File,1998,https://boxd.it/yX5G
2026-06-15,Unfriended,2014,https://boxd.it/8sXg
2026-06-17,Remember the Titans,2000,https://boxd.it/1VLk
2026-06-17,The Believer,2001,https://boxd.it/24Qy
2026-06-17,Moonlight,2016,https://boxd.it/d6bE
2026-06-18,Borderland,2007,https://boxd.it/1PVS
2026-06-18,Annie Leibovitz: Life Through a Lens,2006,https://boxd.it/Gva
2026-06-18,Leviticus,2026,https://boxd.it/YjUw
2026-06-19,The Matrix Revolutions,2003,https://boxd.it/2a12
2026-06-19,Bram Stoker's Dracula,1992,https://boxd.it/223a
2026-06-19,The Matrix Reloaded,2003,https://boxd.it/2a1c
2026-06-19,The Apartment,1996,https://boxd.it/1RMe
2026-06-20,Ready or Not,2019,https://boxd.it/kOf0
2026-06-23,Peking Opera Blues,1986,https://boxd.it/13fO
2026-06-23,Suburban Mayhem,2006,https://boxd.it/1P4O
2026-06-23,Four Daughters,2023,https://boxd.it/ErTw
2026-06-23,Bridge to Terabithia,2007,https://boxd.it/28YG
2026-06-23,Anjaana Anjaani,2010,https://boxd.it/RDO
2026-06-23,Salaam Namaste,2005,https://boxd.it/1MQA
2026-06-24,Anyone But You,2023,https://boxd.it/EzA8
2026-06-24,Humanist Vampire Seeking Consenting Suicidal Person,2023,https://boxd.it/Blzk
2026-06-24,Videophilia (and Other Viral Syndromes),2015,https://boxd.it/aekS
2026-06-24,The Constant Gardener,2005,https://boxd.it/27HE
2026-06-24,Morocco,1930,https://boxd.it/Woa
2026-06-24,Take Out,2004,https://boxd.it/17DA
2026-06-24,Fighting Spirit: Champion Road,2003,https://boxd.it/PTU
2026-06-24,Meri Beti Sunny Leone Banna Chaahti Hai,2017,https://boxd.it/jt3U
2026-06-24,Satya,1998,https://boxd.it/1BNq
2026-06-24,Kaun?,1999,https://boxd.it/4y6Y
2026-06-24,"God, Sex and Truth",2018,https://boxd.it/i5sE
2026-06-24,The Attacks Of 26/11,2013,https://boxd.it/5ioa
2026-06-24,The Lobster,2015,https://boxd.it/7tnw
2026-06-24,The Sweet Hereafter,1997,https://boxd.it/1WNm
2026-06-24,Lake of Fire,2006,https://boxd.it/SoU
2026-06-24,The Trainer,2024,https://boxd.it/A5Ls
2026-06-25,Little Women,2019,https://boxd.it/aSVk
2026-06-25,Modern Whore,2025,https://boxd.it/KNQ2
2026-06-25,The Dark Knight Rises,2012,https://boxd.it/H3m
2026-06-26,House,1977,https://boxd.it/1vsm
2026-06-26,Black Phone 2,2025,https://boxd.it/JpbW
2026-06-26,Frances Ha,2012,https://boxd.it/41Xg
2026-06-27,All That Jazz,1979,https://boxd.it/1JB8
2026-06-27,Jaws 2,1978,https://boxd.it/2a54
2026-06-27,The Killing of Two Lovers,2020,https://boxd.it/oiN8
2026-06-27,Vampyros Lesbos,1971,https://boxd.it/1IO6
2026-06-28,John Carter,2012,https://boxd.it/FQ2
2026-06-28,Ha Ha Ha,2010,https://boxd.it/gQm
2026-06-28,Anari,1959,https://boxd.it/dOOU
2026-06-28,Romeo & Juliet,2013,https://boxd.it/3dAQ
2026-06-29,Rhythm of a Flower,2024,https://boxd.it/MSU8
2026-06-29,Legally Blonde,2001,https://boxd.it/1ZNa
2026-06-30,Main Vaapas Aaunga,2026,https://boxd.it/SXnA
